{"cameraMode":{"drawMode":0,"name":"Shaded","section":"Shading Mode"},"sceneLighting":false,"audioPlay":false,"sceneViewState":{"m_AlwaysRefresh":false,"showFog":true,"showSkybox":false,"showFlares":true,"showImageEffects":true,"showParticleSystems":true,"showVisualEffectGraphs":true,"m_FxEnabled":true},"in2DMode":false,"pivot":{"x":0.9254751205444336,"y":36.50094985961914,"z":124.73960876464844},"rotation":{"x":0.29615139961242678,"y":0.11653294414281845,"z":-0.036431021988391879,"w":0.9473079442977905},"size":19.406978607177736,"orthographic":true}