{"cameraMode":{"drawMode":0,"name":"Shaded","section":"Shading Mode"},"sceneLighting":false,"audioPlay":false,"sceneViewState":{"m_AlwaysRefresh":false,"showFog":true,"showSkybox":false,"showFlares":true,"showImageEffects":true,"showParticleSystems":true,"showVisualEffectGraphs":true,"m_FxEnabled":true},"in2DMode":false,"pivot":{"x":533.9376831054688,"y":508.90716552734377,"z":791.2666625976563},"rotation":{"x":0.08627279847860336,"y":-0.021517852321267129,"z":0.0018648075638338924,"w":0.9960467219352722},"size":835.4935913085938,"orthographic":false}